Workbook

Sheet Legenda
A1: PLANEJAMENTO DE TESTES
A3: Sistema / Projeto: | B3: BUGBANK
A4: Versão Testada: | B4: N/A (site para prática)
A5: Responsável: | B5: Heloisa Ribeiro
A6: Data: | B6: 46303
A8: Como usar (siga a ordem das abas)
A9: 1. Cenarios: cadastre os cenários de teste (ex.: Cadastro). Total de casos, aprovados, reprovados e status são calculados automaticamente.
A10: 2. Casos de Teste: cadastre os casos de cada cenário (positivos e negativos) escolhendo o ID do cenário na lista. O nome do cenário aparece sozinho.
A11: 3. Evidencias: a cada execução, registre data, ambiente, resultado e o caminho/link do print, vídeo ou log (Cypress salva em cypress/screenshots e cypress/videos).
A12: 4. Bugs: se o resultado for Reprovado, abra o bug, vincule ao ID do caso e acompanhe até o fechamento. Informe o ID do bug no caso de teste e na evidência.
A13: 5. Resumo: painel automático com status dos casos, cobertura de automação e bugs por severidade e status.
A15: Convenções
A16: Texto azul | B16: Campos para você preencher
A17: Fundo cinza | B17: Células com fórmula (não editar)
A18: Fundo amarelo | B18: Linha de EXEMPLO – substitua ou apague antes de usar (exemplos entram nas contagens do Resumo)
A20: Valores padronizados
A21: Tipo do caso | B21: Positivo / Negativo
A22: Prioridade | B22: Alta / Média / Baixa
A23: Status do caso | B23: Não executado / Aprovado / Reprovado / Bloqueado
A24: Severidade do bug | B24: Crítica / Alta / Média / Baixa
A25: Status do bug | B25: Aberto / Em correção / Corrigido / Reaberto / Fechado

Sheet Resumo
A1: RESUMO GERAL
A2: Painel automático – não é necessário preencher.
A3: Visão geral
A4: Indicador | B4: Valor
A5: Cenários cadastrados | B5: =COUNTIF(Cenarios!$A$5:$A$54,"?*") -> 1
A6: Casos de teste cadastrados | B6: =COUNTIF('Casos de Teste'!$A$5:$A$205,"?*") -> 6
A7: Casos automatizados (Cypress) | B7: =COUNTIF('Casos de Teste'!$M$5:$M$205,"Sim") -> 6
A8: Cobertura de automação | B8: =IF(B6=0,0,B7/B6) -> 1
A9: Bugs registrados | B9: =COUNTIF(Bugs!$A$5:$A$202,"?*") -> 2
A10: Bugs em aberto (não fechados) | B10: =COUNTIF(Bugs!$A$5:$A$202,"?*")-COUNTIF(Bugs!$G$5:$G$202,"Fechado") -> 2
A12: Casos por status
A13: Status | B13: Quantidade | C13: % do total
A14: Aprovado | B14: =COUNTIF('Casos de Teste'!$L$5:$L$205,A14) -> 4 | C14: =IF($B$18=0,0,B14/$B$18) -> 0.66666667
A15: Reprovado | B15: =COUNTIF('Casos de Teste'!$L$5:$L$205,A15) -> 2 | C15: =IF($B$18=0,0,B15/$B$18) -> 0.33333333
A16: Bloqueado | B16: =COUNTIF('Casos de Teste'!$L$5:$L$205,A16) -> 0 | C16: =IF($B$18=0,0,B16/$B$18) -> 0
A17: Não executado | B17: =$B$6-SUM(B14:B16) -> 0 | C17: =IF($B$18=0,0,B17/$B$18) -> 0
A18: Total | B18: =SUM(B14:B17) -> 6 | C18: =IF($B$18=0,0,SUM(C14:C17)) -> 1
A20: Casos por tipo
A21: Tipo | B21: Total | C21: Aprovados | D21: Reprovados
A22: Positivo | B22: =COUNTIF('Casos de Teste'!$E$5:$E$205,A22) -> 1 | C22: =COUNTIFS('Casos de Teste'!$E$5:$E$205,A22,'Casos de Teste'!$L$5:$L$205,"Aprovado") -> 1 | D22: =COUNTIFS('Casos de Teste'!$E$5:$E$205,A22,'Casos de Teste'!$L$5:$L$205,"Reprovado") -> 0
A23: Negativo | B23: =COUNTIF('Casos de Teste'!$E$5:$E$205,A23) -> 5 | C23: =COUNTIFS('Casos de Teste'!$E$5:$E$205,A23,'Casos de Teste'!$L$5:$L$205,"Aprovado") -> 3 | D23: =COUNTIFS('Casos de Teste'!$E$5:$E$205,A23,'Casos de Teste'!$L$5:$L$205,"Reprovado") -> 2
A25: Bugs por severidade
A26: Severidade | B26: Total | C26: Abertos (não fechados)
A27: Crítica | B27: =COUNTIF(Bugs!$E$5:$E$202,A27) -> 0 | C27: =COUNTIFS(Bugs!$E$5:$E$202,A27,Bugs!$G$5:$G$202,"<>Fechado") -> 0
A28: Alta | B28: =COUNTIF(Bugs!$E$5:$E$202,A28) -> 0 | C28: =COUNTIFS(Bugs!$E$5:$E$202,A28,Bugs!$G$5:$G$202,"<>Fechado") -> 0
A29: Média | B29: =COUNTIF(Bugs!$E$5:$E$202,A29) -> 1 | C29: =COUNTIFS(Bugs!$E$5:$E$202,A29,Bugs!$G$5:$G$202,"<>Fechado") -> 1
A30: Baixa | B30: =COUNTIF(Bugs!$E$5:$E$202,A30) -> 1 | C30: =COUNTIFS(Bugs!$E$5:$E$202,A30,Bugs!$G$5:$G$202,"<>Fechado") -> 1
A32: Bugs por status
A33: Status | B33: Quantidade
A34: Aberto | B34: =COUNTIF(Bugs!$G$5:$G$202,A34) -> 2
A35: Em correção | B35: =COUNTIF(Bugs!$G$5:$G$202,A35) -> 0
A36: Corrigido | B36: =COUNTIF(Bugs!$G$5:$G$202,A36) -> 0
A37: Reaberto | B37: =COUNTIF(Bugs!$G$5:$G$202,A37) -> 0
A38: Fechado | B38: =COUNTIF(Bugs!$G$5:$G$202,A38) -> 0
A40: Obs.: as linhas de exemplo (amarelas) nas abas Evidencias e Bugs entram nas contagens até serem apagadas.

Sheet Cenarios
A1: CENÁRIOS DE TESTE
A2: Um cenário agrupa casos de teste de uma mesma funcionalidade. Colunas cinzas são calculadas.
A4: ID | B4: Cenário | C4: Descrição / objetivo | D4: Módulo | E4: Prioridade | F4: Requisito / História | G4: Responsável | H4: Total de casos | I4: Aprovados | J4: Reprovados | K4: Status do cenário
A5: CE-001 | B5: Cadastro | C5: Validar o fluxo de cadastro de usuário, garantindo que dados válidos sejam aceitos e dados inválidos sejam rejeitados com mensagens adequadas. | D5: Cadastro | E5: Alta | F5: N/A | G5: Heloisa Ribeiro | H5: =IF($A5="","",COUNTIF('Casos de Teste'!$B$5:$B$205,$A5)) -> 6 | I5: =IF($A5="","",COUNTIFS('Casos de Teste'!$B$5:$B$205,$A5,'Casos de Teste'!$L$5:$L$205,"Aprovado")) -> 4 | J5: =IF($A5="","",COUNTIFS('Casos de Teste'!$B$5:$B$205,$A5,'Casos de Teste'!$L$5:$L$205,"Reprovado")) -> 2 | K5: =IF($A5="","",IF(H5=0,"Sem casos",IF(J5>0,"Reprovado",IF(I5=H5,"Aprovado",IF(I5+J5+COUNTIFS('Casos de Teste'!$B$5:$B$205,$A5,'Casos de Teste'!$L$5:$L$205,"Bloqueado")=0,"Não iniciado","Em andamento"))))) -> Reprovado
H6: =IF($A6="","",COUNTIF('Casos de Teste'!$B$5:$B$205,$A6)) | I6: =IF($A6="","",COUNTIFS('Casos de Teste'!$B$5:$B$205,$A6,'Casos de Teste'!$L$5:$L$205,"Aprovado")) | J6: =IF($A6="","",COUNTIFS('Casos de Teste'!$B$5:$B$205,$A6,'Casos de Teste'!$L$5:$L$205,"Reprovado")) | K6: =IF($A6="","",IF(H6=0,"Sem casos",IF(J6>0,"Reprovado",IF(I6=H6,"Aprovado",IF(I6+J6+COUNTIFS('Casos de Teste'!$B$5:$B$205,$A6,'Casos de Teste'!$L$5:$L$205,"Bloqueado")=0,"Não iniciado","Em andamento")))))
H7: =IF($A7="","",COUNTIF('Casos de Teste'!$B$5:$B$205,$A7)) | I7: =IF($A7="","",COUNTIFS('Casos de Teste'!$B$5:$B$205,$A7,'Casos de Teste'!$L$5:$L$205,"Aprovado")) | J7: =IF($A7="","",COUNTIFS('Casos de Teste'!$B$5:$B$205,$A7,'Casos de Teste'!$L$5:$L$205,"Reprovado")) | K7: =IF($A7="","",IF(H7=0,"Sem casos",IF(J7>0,"Reprovado",IF(I7=H7,"Aprovado",IF(I7+J7+COUNTIFS('Casos de Teste'!$B$5:$B$205,$A7,'Casos de Teste'!$L$5:$L$205,"Bloqueado")=0,"Não iniciado","Em andamento")))))
H8: =IF($A8="","",COUNTIF('Casos de Teste'!$B$5:$B$205,$A8)) | I8: =IF($A8="","",COUNTIFS('Casos de Teste'!$B$5:$B$205,$A8,'Casos de Teste'!$L$5:$L$205,"Aprovado")) | J8: =IF($A8="","",COUNTIFS('Casos de Teste'!$B$5:$B$205,$A8,'Casos de Teste'!$L$5:$L$205,"Reprovado")) | K8: =IF($A8="","",IF(H8=0,"Sem casos",IF(J8>0,"Reprovado",IF(I8=H8,"Aprovado",IF(I8+J8+COUNTIFS('Casos de Teste'!$B$5:$B$205,$A8,'Casos de Teste'!$L$5:$L$205,"Bloqueado")=0,"Não iniciado","Em andamento")))))
H9: =IF($A9="","",COUNTIF('Casos de Teste'!$B$5:$B$205,$A9)) | I9: =IF($A9="","",COUNTIFS('Casos de Teste'!$B$5:$B$205,$A9,'Casos de Teste'!$L$5:$L$205,"Aprovado")) | J9: =IF($A9="","",COUNTIFS('Casos de Teste'!$B$5:$B$205,$A9,'Casos de Teste'!$L$5:$L$205,"Reprovado")) | K9: =IF($A9="","",IF(H9=0,"Sem casos",IF(J9>0,"Reprovado",IF(I9=H9,"Aprovado",IF(I9+J9+COUNTIFS('Casos de Teste'!$B$5:$B$205,$A9,'Casos de Teste'!$L$5:$L$205,"Bloqueado")=0,"Não iniciado","Em andamento")))))
H10: =IF($A10="","",COUNTIF('Casos de Teste'!$B$5:$B$205,$A10)) | I10: =IF($A10="","",COUNTIFS('Casos de Teste'!$B$5:$B$205,$A10,'Casos de Teste'!$L$5:$L$205,"Aprovado")) | J10: =IF($A10="","",COUNTIFS('Casos de Teste'!$B$5:$B$205,$A10,'Casos de Teste'!$L$5:$L$205,"Reprovado")) | K10: =IF($A10="","",IF(H10=0,"Sem casos",IF(J10>0,"Reprovado",IF(I10=H10,"Aprovado",IF(I10+J10+COUNTIFS('Casos de Teste'!$B$5:$B$205,$A10,'Casos de Teste'!$L$5:$L$205,"Bloqueado")=0,"Não iniciado","Em andamento")))))
H11: =IF($A11="","",COUNTIF('Casos de Teste'!$B$5:$B$205,$A11)) | I11: =IF($A11="","",COUNTIFS('Casos de Teste'!$B$5:$B$205,$A11,'Casos de Teste'!$L$5:$L$205,"Aprovado")) | J11: =IF($A11="","",COUNTIFS('Casos de Teste'!$B$5:$B$205,$A11,'Casos de Teste'!$L$5:$L$205,"Reprovado")) | K11: =IF($A11="","",IF(H11=0,"Sem casos",IF(J11>0,"Reprovado",IF(I11=H11,"Aprovado",IF(I11+J11+COUNTIFS('Casos de Teste'!$B$5:$B$205,$A11,'Casos de Teste'!$L$5:$L$205,"Bloqueado")=0,"Não iniciado","Em andamento")))))
H12: =IF($A12="","",COUNTIF('Casos de Teste'!$B$5:$B$205,$A12)) | I12: =IF($A12="","",COUNTIFS('Casos de Teste'!$B$5:$B$205,$A12,'Casos de Teste'!$L$5:$L$205,"Aprovado")) | J12: =IF($A12="","",COUNTIFS('Casos de Teste'!$B$5:$B$205,$A12,'Casos de Teste'!$L$5:$L$205,"Reprovado")) | K12: =IF($A12="","",IF(H12=0,"Sem casos",IF(J12>0,"Reprovado",IF(I12=H12,"Aprovado",IF(I12+J12+COUNTIFS('Casos de Teste'!$B$5:$B$205,$A12,'Casos de Teste'!$L$5:$L$205,"Bloqueado")=0,"Não iniciado","Em andamento")))))
H13: =IF($A13="","",COUNTIF('Casos de Teste'!$B$5:$B$205,$A13)) | I13: =IF($A13="","",COUNTIFS('Casos de Teste'!$B$5:$B$205,$A13,'Casos de Teste'!$L$5:$L$205,"Aprovado")) | J13: =IF($A13="","",COUNTIFS('Casos de Teste'!$B$5:$B$205,$A13,'Casos de Teste'!$L$5:$L$205,"Reprovado")) | K13: =IF($A13="","",IF(H13=0,"Sem casos",IF(J13>0,"Reprovado",IF(I13=H13,"Aprovado",IF(I13+J13+COUNTIFS('Casos de Teste'!$B$5:$B$205,$A13,'Casos de Teste'!$L$5:$L$205,"Bloqueado")=0,"Não iniciado","Em andamento")))))
H14: =IF($A14="","",COUNTIF('Casos de Teste'!$B$5:$B$205,$A14)) | I14: =IF($A14="","",COUNTIFS('Casos de Teste'!$B$5:$B$205,$A14,'Casos de Teste'!$L$5:$L$205,"Aprovado")) | J14: =IF($A14="","",COUNTIFS('Casos de Teste'!$B$5:$B$205,$A14,'Casos de Teste'!$L$5:$L$205,"Reprovado")) | K14: =IF($A14="","",IF(H14=0,"Sem casos",IF(J14>0,"Reprovado",IF(I14=H14,"Aprovado",IF(I14+J14+COUNTIFS('Casos de Teste'!$B$5:$B$205,$A14,'Casos de Teste'!$L$5:$L$205,"Bloqueado")=0,"Não iniciado","Em andamento")))))
H15: =IF($A15="","",COUNTIF('Casos de Teste'!$B$5:$B$205,$A15)) | I15: =IF($A15="","",COUNTIFS('Casos de Teste'!$B$5:$B$205,$A15,'Casos de Teste'!$L$5:$L$205,"Aprovado")) | J15: =IF($A15="","",COUNTIFS('Casos de Teste'!$B$5:$B$205,$A15,'Casos de Teste'!$L$5:$L$205,"Reprovado")) | K15: =IF($A15="","",IF(H15=0,"Sem casos",IF(J15>0,"Reprovado",IF(I15=H15,"Aprovado",IF(I15+J15+COUNTIFS('Casos de Teste'!$B$5:$B$205,$A15,'Casos de Teste'!$L$5:$L$205,"Bloqueado")=0,"Não iniciado","Em andamento")))))
H16: =IF($A16="","",COUNTIF('Casos de Teste'!$B$5:$B$205,$A16)) | I16: =IF($A16="","",COUNTIFS('Casos de Teste'!$B$5:$B$205,$A16,'Casos de Teste'!$L$5:$L$205,"Aprovado")) | J16: =IF($A16="","",COUNTIFS('Casos de Teste'!$B$5:$B$205,$A16,'Casos de Teste'!$L$5:$L$205,"Reprovado")) | K16: =IF($A16="","",IF(H16=0,"Sem casos",IF(J16>0,"Reprovado",IF(I16=H16,"Aprovado",IF(I16+J16+COUNTIFS('Casos de Teste'!$B$5:$B$205,$A16,'Casos de Teste'!$L$5:$L$205,"Bloqueado")=0,"Não iniciado","Em andamento")))))
H17: =IF($A17="","",COUNTIF('Casos de Teste'!$B$5:$B$205,$A17)) | I17: =IF($A17="","",COUNTIFS('Casos de Teste'!$B$5:$B$205,$A17,'Casos de Teste'!$L$5:$L$205,"Aprovado")) | J17: =IF($A17="","",COUNTIFS('Casos de Teste'!$B$5:$B$205,$A17,'Casos de Teste'!$L$5:$L$205,"Reprovado")) | K17: =IF($A17="","",IF(H17=0,"Sem casos",IF(J17>0,"Reprovado",IF(I17=H17,"Aprovado",IF(I17+J17+COUNTIFS('Casos de Teste'!$B$5:$B$205,$A17,'Casos de Teste'!$L$5:$L$205,"Bloqueado")=0,"Não iniciado","Em andamento")))))
... H54: =IF($A54="","",COUNTIF('Casos de Teste'!$B$5:$B$205,$A54)) | I54: =IF($A54="","",COUNTIFS('Casos de Teste'!$B$5:$B$205,$A54,'Casos de Teste'!$L$5:$L$205,"Aprovado")) | J54: =IF($A54="","",COUNTIFS('Casos de Teste'!$B$5:$B$205,$A54,'Casos de Teste'!$L$5:$L$205,"Reprovado")) | K54: =IF($A54="","",IF(H54=0,"Sem casos",IF(J54>0,"Reprovado",IF(I54=H54,"Aprovado",IF(I54+J54+COUNTIFS('Casos de Teste'!$B$5:$B$205,$A54,'Casos de Teste'!$L$5:$L$205,"Bloqueado")=0,"Não iniciado","Em andamento")))))

Sheet Casos de Teste
A1: CASOS DE TESTE
A2: Escolha o ID do cenário na coluna B. Colunas cinzas são calculadas.
A4: ID | B4: ID Cenário | C4: Cenário | D4: Título do caso de teste | E4: Tipo | F4: Prioridade | G4: Pré-condições | H4: Passos de execução | I4: Dados de entrada | J4: Resultado esperado | K4: Resultado obtido | L4: Status | M4: Automatizado? | N4: Arquivo Cypress (.cy.js) | O4: Executado por | P4: Data execução | Q4: Nº do bug | R4: Observações
A5: CT-001 | B5: CE-001 | C5: =IF($B5="","",IFERROR(INDEX(Cenarios!$B$5:$B$54,MATCH($B5,Cenarios!$A$5:$A$54,0)),"ID não encontrado")) -> Cadastro | D5: Cadastro com dados válidos | E5: Positivo | F5: Alta | G5: Usuário ainda não cadastrado. Tela de cadastro acessível. | H5: 1. Acessar a tela e clicar em Registrar 2. Preencher todos os campos obrigatórios com dados válidos 3. Clicar em 'Cadastrar' | I5: E-mail: maria.costa@teste.com Nome: Maria Costa Senha: Teste@123 Confirmação Senha: Teste@123 | J5: O cadastro é realizado com sucesso | K5: A mensagem de confirmação é exibida -> A conta 446-3 foi criada com sucesso | L5: Aprovado | M5: Sim | N5: cypress/e2e/register.cy.js | O5: Heloisa Ribeiro | P5: 46303
A6: CT-002 | B6: CE-001 | C6: =IF($B6="","",IFERROR(INDEX(Cenarios!$B$5:$B$54,MATCH($B6,Cenarios!$A$5:$A$54,0)),"ID não encontrado")) -> Cadastro | D6: Cadastro com senhas divergentes | E6: Negativo | F6: Alta | G6: Tela de cadastro acessível. | H6: 1. Acessar a tela e clicar o botão Registrar 2. Preencher os campos com dados inválidos (senhas divergentes) 3.Clicar em 'Cadastrar' | I6: E-mail: maria.costa@teste.com Nome: Maria Costa Senha: 123 Confirmar senha: 456 | J6: O cadastro NÃO é realizado, mensagens de erro claras são exibidas e nenhum registro é criado. | K6: A mensagem exibida -> As senhas não são iguais | L6: Aprovado | M6: Sim | N6: cypress/e2e/register.cy.js | O6: Heloisa Ribeiro | P6: 46303
A7: CT-003 | B7: CE-001 | C7: =IF($B7="","",IFERROR(INDEX(Cenarios!$B$5:$B$54,MATCH($B7,Cenarios!$A$5:$A$54,0)),"ID não encontrado")) -> Cadastro | D7: Cadastro sem preencher dados obrigatórios | E7: Negativo | F7: Alta | G7: Tela de cadastro acessível. | H7: 1. Acessar a tela e clicar o botão Registrar 2. Preencher somente o campo Nome 3. Deixar campos obrigatórios em branco 4. Clicar em 'Cadastrar' | I7: E-mail: [campo vazio] Nome: Maria Silva Senha: [campo vazio] Confirmar senha: [campo vazio] | J7: O cadastro NÃO é realizado, mensagens de erro claras são exibidas em cada campo inválido e nenhum registro é criado. | K7: A mensagem exibida abaixo dos campos vazios é "É campo obrigatório" | L7: Aprovado | M7: Sim | N7: cypress/e2e/register.cy.js | O7: Heloisa Ribeiro | P7: 46303
A8: CT-004 | B8: CE-001 | C8: Cadastro | D8: Cadastro com email em formato inválido | E8: Negativo | F8: Alta | G8: Tela de cadastro acessível. | H8: 1. Acessar a tela e clicar o botão Registrar 2. Preencher os campos com dados inválidos (e-mail sem @) 3.Clicar em 'Cadastrar' | I8: E-mail: mariasilva.teste.com Nome: Maria Costa Senha: Teste@123 Confirmar senha: Teste@123 | J8: O cadastro NÃO é realizado, exibe mensagem de erro no campo Formato Inválido e que falta um @ no emial. | K8: É exibida a mensagem -> Inclua um "@" no endereço de e-mail. mariasilva.teste.com está com @ faltando | L8: Aprovado | M8: Sim | N8: cypress/e2e/register.cy.js | O8: Heloisa Ribeiro | P8: 46303
A9: CT-005 | B9: CE-001 | C9: Cadastro | D9: Cadastro com o campo NOME vazio | E9: Negativo | F9: Alta | G9: Tela de cadastro acessível. | H9: 1. Acessar a tela e clicar o botão Registrar 2. Preencher todos os campos e deixar campo Nome vazio 3.Clicar em 'Cadastrar' | I9: E-mail: maria.costa@teste.com Nome: [campo vazio] Senha: Teste@123 Confirmação Senha: Teste@123 | J9: O Cadastro NÃO é realizado e o campo Nome exibe a mensagem "É campo obrigatório" abaixo dele, como nos demais campos obrigatórios | K9: O cadastro NÃO é realizado, mas é exibida uma tela de erro Nome não pode ser vazio e o aviso "É campo obrigatório" não aparece abaixo do campo Nome | L9: Reprovado | M9: Sim | N9: cypress/e2e/register.cy.js | O9: Heloisa Ribeiro | P9: 46303 | Q9: BUG-001 | R9: Automação valida o comportamento atual (tela de erro), reprovado em relação ao esperado, ver BUG-001
A10: CT-006 | B10: CE-001 | C10: =IF($B10="","",IFERROR(INDEX(Cenarios!$B$5:$B$54,MATCH($B10,Cenarios!$A$5:$A$54,0)),"ID não encontrado")) -> Cadastro | D10: Cadastro com o campo NOME preenchido apenas com espaço | E10: Negativo | F10: Alta | G10: Tela de cadastro acessível. | H10: 1. Acessar a tela e clicar o botão Registrar 2. Preencher todos os campos e deixar campo Nome preenhcido com espaço 3.Clicar em 'Cadastrar' | I10: E-mail: maria.costa@teste.com Nome: [clica e dá um espaço] Senha: Teste@123 Confirmação Senha: Teste@123 | J10: O Cadastro NÃO é realizado e o campo NOME exibe uma mensagem informando que o nome é obrigatório ou inválido | K10: O Cadastro é realizado com sucesso | L10: Reprovado | M10: Sim | N10: cypress/e2e/register.cy.js | O10: Heloisa Ribeiro | P10: 46305 | Q10: BUG-002
C11: =IF($B11="","",IFERROR(INDEX(Cenarios!$B$5:$B$54,MATCH($B11,Cenarios!$A$5:$A$54,0)),"ID não encontrado"))
C12: =IF($B12="","",IFERROR(INDEX(Cenarios!$B$5:$B$54,MATCH($B12,Cenarios!$A$5:$A$54,0)),"ID não encontrado"))
C13: =IF($B13="","",IFERROR(INDEX(Cenarios!$B$5:$B$54,MATCH($B13,Cenarios!$A$5:$A$54,0)),"ID não encontrado"))
C14: =IF($B14="","",IFERROR(INDEX(Cenarios!$B$5:$B$54,MATCH($B14,Cenarios!$A$5:$A$54,0)),"ID não encontrado"))
C15: =IF($B15="","",IFERROR(INDEX(Cenarios!$B$5:$B$54,MATCH($B15,Cenarios!$A$5:$A$54,0)),"ID não encontrado"))
C16: =IF($B16="","",IFERROR(INDEX(Cenarios!$B$5:$B$54,MATCH($B16,Cenarios!$A$5:$A$54,0)),"ID não encontrado"))
C17: =IF($B17="","",IFERROR(INDEX(Cenarios!$B$5:$B$54,MATCH($B17,Cenarios!$A$5:$A$54,0)),"ID não encontrado"))
C18: =IF($B18="","",IFERROR(INDEX(Cenarios!$B$5:$B$54,MATCH($B18,Cenarios!$A$5:$A$54,0)),"ID não encontrado"))
C19: =IF($B19="","",IFERROR(INDEX(Cenarios!$B$5:$B$54,MATCH($B19,Cenarios!$A$5:$A$54,0)),"ID não encontrado"))
C20: =IF($B20="","",IFERROR(INDEX(Cenarios!$B$5:$B$54,MATCH($B20,Cenarios!$A$5:$A$54,0)),"ID não encontrado"))
C21: =IF($B21="","",IFERROR(INDEX(Cenarios!$B$5:$B$54,MATCH($B21,Cenarios!$A$5:$A$54,0)),"ID não encontrado"))
C22: =IF($B22="","",IFERROR(INDEX(Cenarios!$B$5:$B$54,MATCH($B22,Cenarios!$A$5:$A$54,0)),"ID não encontrado"))
... C205: =IF($B205="","",IFERROR(INDEX(Cenarios!$B$5:$B$54,MATCH($B205,Cenarios!$A$5:$A$54,0)),"ID não encontrado"))

Sheet Evidencias
A1: EVIDÊNCIAS DE TESTES
A2: Uma linha por execução de caso. Guarde os arquivos numa pasta (ex.: evidencias/CT-001/) e informe o caminho ou link na coluna K.
A4: ID Evidência | B4: ID Caso | C4: Título do caso | D4: Ciclo / Build | E4: Data execução | F4: Executado por | G4: Ambiente / Navegador | H4: Resultado | I4: Descrição da evidência | J4: Tipo | K4: Link / caminho do arquivo | L4: Nº do bug
A5: EV-001 | B5: CT-001 | C5: =IF($B5="","",IFERROR(INDEX('Casos de Teste'!$D$5:$D$205,MATCH($B5,'Casos de Teste'!$A$5:$A$205,0)),"ID não encontrado")) -> Cadastro com dados válidos | D5: Ciclo 1 / 08/10/26 | E5: 46303 | F5: Heloisa Ribeiro | G5: Web(https://bugbank.netlify.app/) / Chrome (154.0.8037.98 ) | H5: Aprovado | I5: Cadastro concluído com sucesso; mensagem de confirmação exibida após clicar em 'Cadastrar'. | J5: Screenshot | K5: Evidências\CE-001\EV-001.png
A6: EV-002 | B6: CT-002 | C6: =IF($B6="","",IFERROR(INDEX('Casos de Teste'!$D$5:$D$205,MATCH($B6,'Casos de Teste'!$A$5:$A$205,0)),"ID não encontrado")) -> Cadastro com senhas divergentes | D6: Ciclo 1 / 08/10/26 | E6: 46303 | F6: Heloisa Ribeiro | G6: Web(https://bugbank.netlify.app/) / Chrome (154.0.8037.98 ) | H6: Aprovado | I6: Cadastro NÃO realizado, com mensagem de erro exibida As senhas não são iguais | J6: Screenshot | K6: Evidências\CE-001\EV-002.png
A7: EV-003 | B7: CT-003 | C7: =IF($B7="","",IFERROR(INDEX('Casos de Teste'!$D$5:$D$205,MATCH($B7,'Casos de Teste'!$A$5:$A$205,0)),"ID não encontrado")) -> Cadastro sem preencher dados obrigatórios | D7: Ciclo 1 / 08/10/26 | E7: 46303 | F7: Heloisa Ribeiro | G7: Web(https://bugbank.netlify.app/) / Chrome (154.0.8037.98 ) | H7: Aprovado | I7: Cadastro NÃO realizado, informado nos campos obrigatórios a seguinte mensagem -> É campo obrigatório | J7: Screenshot | K7: Evidências\CE-001\EV-003.png
A8: EV-004 | B8: CT-004 | C8: =IF($B8="","",IFERROR(INDEX('Casos de Teste'!$D$5:$D$205,MATCH($B8,'Casos de Teste'!$A$5:$A$205,0)),"ID não encontrado")) -> Cadastro com email em formato inválido | D8: Ciclo 1 / 08/10/26 | E8: 46303 | F8: Heloisa Ribeiro | G8: Web(https://bugbank.netlify.app/) / Chrome (154.0.8037.98 ) | H8: Aprovado | I8: Cadastro NÃO realizado, exibida mensagem abaixo do campo Formato Inválido e ao clicar no botão Cadastrar é exibida a mensagem -> Inclua um "@" no endereço de e-mail. mariasilva.teste.com está com @ faltando | J8: Screenshot | K8: Evidências\CE-001\EV-004.png
A9: EV-005 | B9: CT-005 | C9: =IF($B9="","",IFERROR(INDEX('Casos de Teste'!$D$5:$D$205,MATCH($B9,'Casos de Teste'!$A$5:$A$205,0)),"ID não encontrado")) -> Cadastro com o campo NOME vazio | D9: Ciclo 1 / 08/10/26 | E9: 46303 | F9: Heloisa Ribeiro | G9: Web(https://bugbank.netlify.app/) / Chrome (154.0.8037.98 ) | H9: Reprovado | I9: O cadastro NÃO é realizado, mas é exibida uma tela de erro Nome não pode ser vazio e o aviso "É campo obrigatório" não aparece abaixo do campo Nome | J9: Screenshot | K9: Evidências\CE-001\EV-005.png | L9: BUG-001
A10: EV-006 | B10: CT-006 | C10: =IF($B10="","",IFERROR(INDEX('Casos de Teste'!$D$5:$D$205,MATCH($B10,'Casos de Teste'!$A$5:$A$205,0)),"ID não encontrado")) -> Cadastro com o campo NOME preenchido apenas com espaço | D10: Ciclo 1 / 08/10/26 | E10: 46305 | F10: Heloisa Ribeiro | G10: Web(https://bugbank.netlify.app/) / Chrome (154.0.8037.98 ) | H10: Reprovado | I10: Ao informar apenas um espaço no NOME, o sistema trata o campo como preenchido e conclui o cadastro, permitindo contas sem nome válido | J10: Screenshot | K10: Evidências\CE-001\EV-006.png | L10: BUG-002
C11: =IF($B11="","",IFERROR(INDEX('Casos de Teste'!$D$5:$D$205,MATCH($B11,'Casos de Teste'!$A$5:$A$205,0)),"ID não encontrado"))
C12: =IF($B12="","",IFERROR(INDEX('Casos de Teste'!$D$5:$D$205,MATCH($B12,'Casos de Teste'!$A$5:$A$205,0)),"ID não encontrado"))
C13: =IF($B13="","",IFERROR(INDEX('Casos de Teste'!$D$5:$D$205,MATCH($B13,'Casos de Teste'!$A$5:$A$205,0)),"ID não encontrado"))
C14: =IF($B14="","",IFERROR(INDEX('Casos de Teste'!$D$5:$D$205,MATCH($B14,'Casos de Teste'!$A$5:$A$205,0)),"ID não encontrado"))
C15: =IF($B15="","",IFERROR(INDEX('Casos de Teste'!$D$5:$D$205,MATCH($B15,'Casos de Teste'!$A$5:$A$205,0)),"ID não encontrado"))
C16: =IF($B16="","",IFERROR(INDEX('Casos de Teste'!$D$5:$D$205,MATCH($B16,'Casos de Teste'!$A$5:$A$205,0)),"ID não encontrado"))
C17: =IF($B17="","",IFERROR(INDEX('Casos de Teste'!$D$5:$D$205,MATCH($B17,'Casos de Teste'!$A$5:$A$205,0)),"ID não encontrado"))
C18: =IF($B18="","",IFERROR(INDEX('Casos de Teste'!$D$5:$D$205,MATCH($B18,'Casos de Teste'!$A$5:$A$205,0)),"ID não encontrado"))
C19: =IF($B19="","",IFERROR(INDEX('Casos de Teste'!$D$5:$D$205,MATCH($B19,'Casos de Teste'!$A$5:$A$205,0)),"ID não encontrado"))
C20: =IF($B20="","",IFERROR(INDEX('Casos de Teste'!$D$5:$D$205,MATCH($B20,'Casos de Teste'!$A$5:$A$205,0)),"ID não encontrado"))
C21: =IF($B21="","",IFERROR(INDEX('Casos de Teste'!$D$5:$D$205,MATCH($B21,'Casos de Teste'!$A$5:$A$205,0)),"ID não encontrado"))
C22: =IF($B22="","",IFERROR(INDEX('Casos de Teste'!$D$5:$D$205,MATCH($B22,'Casos de Teste'!$A$5:$A$205,0)),"ID não encontrado"))
... C203: =IF($B203="","",IFERROR(INDEX('Casos de Teste'!$D$5:$D$205,MATCH($B203,'Casos de Teste'!$A$5:$A$205,0)),"ID não encontrado"))

Sheet Bugs
A1: REGISTRO DE BUGS
A2: Abra um bug sempre que um caso for reprovado. Coluna D é calculada a partir do ID do caso.
A4: ID Bug | B4: Título | C4: ID Caso | D4: Cenário | E4: Severidade | F4: Prioridade | G4: Status | H4: Descrição | I4: Passos para reproduzir | J4: Resultado esperado | K4: Resultado obtido | L4: Ambiente / Navegador | M4: Evidência (link / caminho) | N4: Reportado por | O4: Data abertura | P4: Responsável | Q4: Data fechamento | R4: Observações
A5: BUG-001 | B5: Campo Nome vazio exibe tela de erro em vez do aviso "É campo obrigatório", abaixo do campo | C5: CT-005 | D5: =IF($C5="","",IFERROR(INDEX('Casos de Teste'!$C$5:$C$205,MATCH($C5,'Casos de Teste'!$A$5:$A$205,0)),"ID não encontrado")) -> Cadastro | E5: Baixa | F5: Alta | G5: Aberto | H5: Ao tentar cadastrar com o Nome vazio, o sistema exibe uma tela de erro ("Nome não pode ser vazio") e não mostra o aviso abaixo do campo, como acontece com os outros campos obrigatórios | I5: 1. Acessar a tela e clicar o botão Registrar 2. Preencher os campos com dados válidos e deixar o campo Nome vazio 3.Clicar em 'Cadastrar' | J5: O Cadastro NÃO é realizado e o campo Nome exibe a mensagem "É campo obrigatório" abaixo dele, como nos demais campos obrigatórios | K5: O cadastro NÃO é realizado, mas é exibida uma tela de erro Nome não pode ser vazio e o aviso "É campo obrigatório" não aparece abaixo do campo Nome | L5: Chrome (154.0.8037.98 ) | M5: BUGS\BUG-001.png | N5: Heloisa Ribeiro | O5: 46303
A6: BUG-002 | B6: Cadastro com o campo NOME preenchido apenas com espaço | C6: CT-006 | D6: =IF($C6="","",IFERROR(INDEX('Casos de Teste'!$C$5:$C$205,MATCH($C6,'Casos de Teste'!$A$5:$A$205,0)),"ID não encontrado")) -> Cadastro | E6: Média | F6: Média | G6: Aberto | H6: Ao informar apenas um espaço no NOME, o sistema trata o campo como preenchido e conclui o cadastro, permitindo contas sem nome válido | I6: 1. Acessar a tela e clicar o botão Registrar 2. Preencher todos os campos e deixar campo Nome preenhcido com espaço 3.Clicar em 'Cadastrar' | J6: O Cadastro NÃO é realizado e o campo NOME exibe uma mensagem informando que o nome é obrigatório ou inválido | K6: O Cadastro é realizado com sucesso | L6: Chrome (154.0.8037.98 ) | M6: BUGS\BUG-002.png | N6: Heloisa Ribeiro | O6: 46305
D7: =IF($C7="","",IFERROR(INDEX('Casos de Teste'!$C$5:$C$205,MATCH($C7,'Casos de Teste'!$A$5:$A$205,0)),"ID não encontrado"))
D8: =IF($C8="","",IFERROR(INDEX('Casos de Teste'!$C$5:$C$205,MATCH($C8,'Casos de Teste'!$A$5:$A$205,0)),"ID não encontrado"))
D9: =IF($C9="","",IFERROR(INDEX('Casos de Teste'!$C$5:$C$205,MATCH($C9,'Casos de Teste'!$A$5:$A$205,0)),"ID não encontrado"))
D10: =IF($C10="","",IFERROR(INDEX('Casos de Teste'!$C$5:$C$205,MATCH($C10,'Casos de Teste'!$A$5:$A$205,0)),"ID não encontrado"))
D11: =IF($C11="","",IFERROR(INDEX('Casos de Teste'!$C$5:$C$205,MATCH($C11,'Casos de Teste'!$A$5:$A$205,0)),"ID não encontrado"))
D12: =IF($C12="","",IFERROR(INDEX('Casos de Teste'!$C$5:$C$205,MATCH($C12,'Casos de Teste'!$A$5:$A$205,0)),"ID não encontrado"))
D13: =IF($C13="","",IFERROR(INDEX('Casos de Teste'!$C$5:$C$205,MATCH($C13,'Casos de Teste'!$A$5:$A$205,0)),"ID não encontrado"))
D14: =IF($C14="","",IFERROR(INDEX('Casos de Teste'!$C$5:$C$205,MATCH($C14,'Casos de Teste'!$A$5:$A$205,0)),"ID não encontrado"))
D15: =IF($C15="","",IFERROR(INDEX('Casos de Teste'!$C$5:$C$205,MATCH($C15,'Casos de Teste'!$A$5:$A$205,0)),"ID não encontrado"))
D16: =IF($C16="","",IFERROR(INDEX('Casos de Teste'!$C$5:$C$205,MATCH($C16,'Casos de Teste'!$A$5:$A$205,0)),"ID não encontrado"))
D17: =IF($C17="","",IFERROR(INDEX('Casos de Teste'!$C$5:$C$205,MATCH($C17,'Casos de Teste'!$A$5:$A$205,0)),"ID não encontrado"))
D18: =IF($C18="","",IFERROR(INDEX('Casos de Teste'!$C$5:$C$205,MATCH($C18,'Casos de Teste'!$A$5:$A$205,0)),"ID não encontrado"))
... D202: =IF($C202="","",IFERROR(INDEX('Casos de Teste'!$C$5:$C$205,MATCH($C202,'Casos de Teste'!$A$5:$A$205,0)),"ID não encontrado"))
